firebase,4.476953697175774
kelp,11.26817515990196
recreate,6.96411006669779
rayyildiz,11.26817515990196
dqyj,11.26817515990196
fragmentlifecycle,10.575027979342014
showpricemacroni,11.26817515990196
aciticty,11.26817515990196
zetsin,11.26817515990196
eateries,11.26817515990196
chapwise,11.26817515990196
assesse,11.26817515990196
config,3.846997631306566
orginally,11.26817515990196
pupup,11.26817515990196
packageid,11.26817515990196
siginfo,10.575027979342014
kent,10.575027979342014
appname,7.439533763412865
llibavformat,11.26817515990196
accounted,11.26817515990196
buildforeground,11.26817515990196
histryfrm,10.575027979342014
anywebsiteyouthinkwillnotbedown,11.26817515990196
mprice,11.26817515990196
hadle,11.26817515990196
kharche,11.26817515990196
browsers,10.16956287123385
mylooper,11.26817515990196
shamwifi,11.26817515990196
commenting,10.575027979342014
notifyy,11.26817515990196
anotherfile,11.26817515990196
indie,11.26817515990196
succesfull,11.26817515990196
brereton,11.26817515990196
indic,11.26817515990196
mountains,10.16956287123385
barranquillero,11.26817515990196
qxdm,11.26817515990196
mpkorstanje,11.26817515990196
remeasurement,11.26817515990196
confirma,11.26817515990196
india,7.97233829389763
rpvvu,10.575027979342014
random,4.94202568674686
innovativesolutions,11.26817515990196
importantfile,11.26817515990196
incrementally,11.26817515990196
teachers,10.16956287123385
confirms,11.26817515990196
tangential,11.26817515990196
imageweb,11.26817515990196
hamberger,10.575027979342014
reporting,8.090121329554014
outview,11.26817515990196
testuser,10.575027979342014
firebasestorage,9.070950582565741
grexample,11.26817515990196
presente,11.26817515990196
sportarray,11.26817515990196
pottery,11.26817515990196
duedate,9.65873724746786
xxxxxxr,11.26817515990196
putsomedata,11.26817515990196
displayinterstitial,11.26817515990196
venues,9.476415690673905
sadad,11.26817515990196
xxxxxxx,8.223652722178537
ranndom,11.26817515990196
presentt,11.26817515990196
homepage,8.870279887103589
promotion,9.881880798782069
assign,6.385373237315589
ajustes,11.26817515990196
presents,11.26817515990196
straightforward,11.26817515990196
indeterinate,11.26817515990196
hadid,11.26817515990196
practice,9.188733618222123
oferte,11.26817515990196
jackdaws,11.26817515990196
strinjg,11.26817515990196
sgrpatel,11.26817515990196
vert,9.070950582565741
vers,10.16956287123385
delayed,4.423359680693697
assosiatetoken,11.26817515990196
pawan,11.26817515990196
scrllinear,11.26817515990196
interacts,10.575027979342014
retractable,10.575027979342014
veri,9.322265010846646
prunusmume,11.26817515990196
mthumb,11.26817515990196
drag,6.683207681231388
rightmost,11.26817515990196
locationoverlay,11.26817515990196
kern,9.881880798782069
dependency,6.623784260760587
mythread,11.26817515990196
termin,11.26817515990196
verb,9.65873724746786
recyclver,11.26817515990196
index,3.4737639541753587
entermass,11.26817515990196
bitmapto,11.26817515990196
objectsstatus,11.26817515990196
ltgray,8.495586437662178
thevalue,10.16956287123385
messgae,11.26817515990196
recordstate,10.16956287123385
myusername,9.322265010846646
mokeyrunner,11.26817515990196
mediate,11.26817515990196
indefinitely,10.16956287123385
sourcecode,11.26817515990196
stringx,11.26817515990196
stringu,11.26817515990196
library,5.109079771410027
strings,5.750722263437252
digest,6.825523903411644
alixxxxxxxx,11.26817515990196
excepci,11.26817515990196
cmdrs,11.26817515990196
stringy,11.26817515990196
bitnmap,11.26817515990196
stringz,11.26817515990196
curdiff,11.26817515990196
orar,11.26817515990196
postfixfor,11.26817515990196
strinig,11.26817515990196
oran,9.881880798782069
customlayout,10.16956287123385
unrounded,10.575027979342014
draw,3.954288328268498
entertenement,11.26817515990196
listviewlayout,11.26817515990196
commoncap,11.26817515990196
imagebuttonrefresh,11.26817515990196
homevideo,11.26817515990196
mservicebenefits,11.26817515990196
dref,10.16956287123385
ordr,11.26817515990196
uribuilder,11.26817515990196
moderator,10.575027979342014
mpintro,10.575027979342014
aarray,10.575027979342014
prescence,11.26817515990196
patchy,11.26817515990196
mozzila,11.26817515990196
vevo,11.26817515990196
dirent,10.575027979342014
stringg,10.575027979342014
avocado,11.26817515990196
stringa,10.16956287123385
stringl,11.26817515990196
chosen,7.316931441320532
synchronizew,11.26817515990196
orca,10.16956287123385
drdo,11.26817515990196
synchronizer,11.26817515990196
timepicker,9.476415690673905
ehemehe,11.26817515990196
daggermock,11.26817515990196
updat,11.26817515990196
newarr,11.26817515990196
tempratures,11.26817515990196
tablets,8.870279887103589
indah,11.26817515990196
locmngr,11.26817515990196
newark,11.26817515990196
fxml,11.26817515990196
blab,11.26817515990196
intented,11.26817515990196
keys,5.577815705577899
orga,11.26817515990196
direcotry,11.26817515990196
allselect,11.26817515990196
assing,9.881880798782069
keyb,11.26817515990196
blas,11.26817515990196
blat,11.26817515990196
qxle,11.26817515990196
proposition,11.26817515990196
headerfooter,11.26817515990196
recreating,9.322265010846646
blah,6.813827863648452
pubdate,10.575027979342014
icanhazip,11.26817515990196
pretty,7.630589000175574
handover,11.26817515990196
uradapteobjr,11.26817515990196
acitvity,11.26817515990196
kext,11.26817515990196
ores,11.26817515990196
packagename,6.9374418196156284
localpart,11.26817515990196
friction,10.16956287123385
drew,10.575027979342014
classicview,11.26817515990196
autocalibrate,11.26817515990196
oren,11.26817515990196
oreo,9.881880798782069
compliant,10.575027979342014
newapp,11.26817515990196
soccerway,11.26817515990196
sadiq,11.26817515990196
vidoedetails,11.26817515990196
mopen,11.26817515990196
setchanged,10.575027979342014
multitouch,9.65873724746786
garrit,11.26817515990196
periodically,8.965590066907914
fseek,10.575027979342014
skindir,11.26817515990196
chorny,11.26817515990196
strpath,11.26817515990196
tworequests,11.26817515990196
speaking,9.881880798782069
difftime,11.26817515990196
tableid,11.26817515990196
grabbed,11.26817515990196
youtubeapidemo,11.26817515990196
efeff,11.26817515990196
breaking,9.881880798782069
messgid,11.26817515990196
backgroundimage,10.16956287123385
catpcha,10.575027979342014
ernestggggg,11.26817515990196
recreation,9.881880798782069
ahbottomnavigation,11.26817515990196
portable,9.65873724746786
cognitive,11.26817515990196
feasfbrg,10.16956287123385
outgoingcall,11.26817515990196
feautre,11.26817515990196
expanation,10.16956287123385
pdfium,11.26817515990196
urito,11.26817515990196
bleh,10.16956287123385
ashish,10.16956287123385
ventor,11.26817515990196
torque,11.26817515990196
disconnecting,10.575027979342014
ndeftype,11.26817515990196
gsearch,11.26817515990196
bleu,10.575027979342014
resourse,9.322265010846646
variety,11.26817515990196
wicke,11.26817515990196
voltar,11.26817515990196
george,9.476415690673905
vector,6.026428144842318
recordactive,11.26817515990196
caution,9.65873724746786
blen,10.575027979342014
conext,10.16956287123385
cetrti,11.26817515990196
disconnection,11.26817515990196
screenwidth,10.575027979342014
printstatus,11.26817515990196
cadillac,10.575027979342014
quits,10.16956287123385
conexi,11.26817515990196
sprava,11.26817515990196
grabber,10.16956287123385
openweathermap,10.16956287123385
outdir,10.575027979342014
connected,4.769893010425526
orig,8.049299335033758
indiranagar,11.26817515990196
bldr,11.26817515990196
dealer,9.65873724746786
elastic,11.26817515990196
assist,9.881880798782069
chldren,11.26817515990196
webapp,10.575027979342014
mozallowfullscreen,11.26817515990196
initalize,10.575027979342014
browseby,11.26817515990196
mediacompat,11.26817515990196
webapi,11.26817515990196
notifiy,10.575027979342014
sacle,11.26817515990196
seleccion,10.575027979342014
camerademo,10.16956287123385
escrever,11.26817515990196
ramadan,11.26817515990196
troup,11.26817515990196
yourserializableobject,11.26817515990196
ideographs,10.16956287123385
materiales,11.26817515990196
partway,11.26817515990196
sameclassname,11.26817515990196
notific,10.575027979342014
ensure,6.924369738048276
topmargin,11.26817515990196
decoupled,10.16956287123385
cotacts,10.575027979342014
smsinbox,10.16956287123385
qtylabel,11.26817515990196
tpipe,11.26817515990196
messges,11.26817515990196
sendorder,11.26817515990196
drop,5.254460003859158
cocoapods,11.26817515990196
showlist,11.26817515990196
droi,11.26817515990196
getbundle,11.26817515990196
vehicles,10.16956287123385
learning,9.476415690673905
netlink,11.26817515990196
blib,11.26817515990196
expects,9.476415690673905
scrool,10.16956287123385
trown,11.26817515990196
vfat,9.322265010846646
nikhil,9.881880798782069
exluding,10.575027979342014
coplas,11.26817515990196
savedata,10.575027979342014
blip,10.575027979342014
imageheight,11.26817515990196
unprovisioned,11.26817515990196
consectetuer,10.575027979342014
enqueue,5.945165180763552
premature,11.26817515990196
restitution,11.26817515990196
akeycode,10.575027979342014
connectin,11.26817515990196
ddeef,11.26817515990196
efecc,11.26817515990196
funzioner,11.26817515990196
mylayot,11.26817515990196
software,6.724880377631956
blaher,11.26817515990196
fxwz,11.26817515990196
rajab,11.26817515990196
competition,10.16956287123385
liverpool,11.26817515990196
dfgdfgdfghdf,11.26817515990196
problem,6.623784260760587
optimization,8.495586437662178
presence,7.834187955416813
playbackcomplete,11.26817515990196
stylesheet,8.965590066907914
touchwidget,11.26817515990196
synonyms,11.26817515990196
streams,7.279191113337686
scroll,4.2871694191802305
travelpayouts,11.26817515990196
streamy,11.26817515990196
blanched,11.26817515990196
samples,7.336349527177634
sampler,8.560124958799749
hmrussia,11.26817515990196
johannesburg,11.26817515990196
deepakmeccse,11.26817515990196
parentview,10.575027979342014
streamm,11.26817515990196
steelman,11.26817515990196
activityname,8.703225802440423
cardmusic,11.26817515990196
alligator,11.26817515990196
hyname,11.26817515990196
iiwic,11.26817515990196
getversion,11.26817515990196
divisor,9.881880798782069
qxxx,11.26817515990196
pendingdailytask,10.575027979342014
lider,11.26817515990196
menubackground,10.575027979342014
fireball,10.575027979342014
streaks,10.575027979342014
blll,11.26817515990196
netcore,11.26817515990196
linera,10.575027979342014
layerhq,11.26817515990196
xlki,11.26817515990196
ganesh,11.26817515990196
apologize,11.26817515990196
sepia,9.65873724746786
ionicstorage,11.26817515990196
aqibsaeed,11.26817515990196
unified,9.65873724746786
mydialogstyle,11.26817515990196
testslim,11.26817515990196
sepid,11.26817515990196
mloc,9.070950582565741
phonestate,11.26817515990196
categorical,11.26817515990196
reveal,8.703225802440423
newtitle,11.26817515990196
resquest,11.26817515990196
garret,11.26817515990196
blon,11.26817515990196
blog,7.5305055416185915
drug,9.476415690673905
zilhajj,11.26817515990196
dialogfpacks,11.26817515990196
sppaj,11.26817515990196
avdname,11.26817515990196
dinternal,11.26817515990196
blow,10.575027979342014
themessage,10.16956287123385
instrumented,9.070950582565741
quickstart,10.16956287123385
setoncliklistener,11.26817515990196
resource,3.225475663004323
indro,11.26817515990196
torres,11.26817515990196
frases,11.26817515990196
tonext,11.26817515990196
problam,11.26817515990196
blob,6.991509040885904
council,11.26817515990196
crtend,11.26817515990196
visitor,8.870279887103589
fservices,11.26817515990196
getsize,11.26817515990196
mybatis,10.575027979342014
salida,11.26817515990196
thedarken,10.16956287123385
decompiler,11.26817515990196
keepclasseswithmembers,9.476415690673905
wiselib,11.26817515990196
avantgo,10.16956287123385
nagasandra,11.26817515990196
koordinat,10.575027979342014
mlpd,10.575027979342014
mreporter,11.26817515990196
jreview,11.26817515990196
resourec,11.26817515990196
fishing,10.575027979342014
cuisine,9.881880798782069
allowing,7.712827098412546
mypojo,11.26817515990196
ocation,11.26817515990196
considerd,11.26817515990196
fragmentbecamevisible,11.26817515990196
tuesday,8.32373618073552
urlpath,9.881880798782069
netlift,11.26817515990196
genseckey,11.26817515990196
quelle,11.26817515990196
fakewebsite,11.26817515990196
challenge,8.965590066907914
quelli,11.26817515990196
chatting,10.575027979342014
widgetapp,9.881880798782069
wrapjni,11.26817515990196
iwant,10.16956287123385
governo,11.26817515990196
lockation,11.26817515990196
anchored,10.575027979342014
ramon,11.26817515990196
symli,11.26817515990196
tombolbaca,10.575027979342014
setnfc,11.26817515990196
remote,5.379297201569079
cafeteria,11.26817515990196
assassin,11.26817515990196
begins,8.870279887103589
strncmp,11.26817515990196
conex,11.26817515990196
multifactor,11.26817515990196
beginr,11.26817515990196
beginx,11.26817515990196
emailsubject,11.26817515990196
toprog,11.26817515990196
truststore,10.16956287123385
mytopic,11.26817515990196
downloadble,10.575027979342014
sister,10.575027979342014
frames,7.741814635285799
sests,11.26817515990196
nreturn,11.26817515990196
setelah,11.26817515990196
acknowledgements,11.26817515990196
edate,9.881880798782069
costumes,11.26817515990196
keyframe,10.16956287123385
fatih,10.575027979342014
gifheight,11.26817515990196
subfolders,10.16956287123385
worldclock,11.26817515990196
arrives,10.575027979342014
flight,8.495586437662178
unsucessful,11.26817515990196
blur,7.173830597679859
elllloooooooo,11.26817515990196
arrived,10.16956287123385
httpentity,11.26817515990196
appstart,11.26817515990196
reminddate,11.26817515990196
moffice,11.26817515990196
equator,9.322265010846646
pjsua,9.476415690673905
headline,8.495586437662178
creaet,11.26817515990196
xlsx,10.575027979342014
confi,11.26817515990196
licensed,8.13268094397281
soname,11.26817515990196
creada,10.575027979342014
xlst,11.26817515990196
columnname,9.476415690673905
americano,11.26817515990196
echoes,11.26817515990196
hiddenmenu,11.26817515990196
licenses,7.77166759843548
majoraxis,11.26817515990196
blue,5.06766598585927
memcpy,9.476415690673905
speaks,10.575027979342014
democomm,11.26817515990196
botom,11.26817515990196
autobuffer,11.26817515990196
boton,9.322265010846646
discuss,11.26817515990196
getforecast,11.26817515990196
vfpv,9.881880798782069
acceptable,9.881880798782069
repackageclasses,10.575027979342014
soundsload,11.26817515990196
lgaon,11.26817515990196
mycolour,11.26817515990196
conan,11.26817515990196
evicted,11.26817515990196
miami,11.26817515990196
cmdline,10.575027979342014
payload,6.873726005229521
wheres,11.26817515990196
referrals,11.26817515990196
dbase,10.575027979342014
indroduce,11.26817515990196
guidelinescompattoolbar,11.26817515990196
dialogtitle,11.26817515990196
filenamefinal,11.26817515990196
radiusnetworks,11.26817515990196
invitation,8.870279887103589
fromtime,11.26817515990196
aaaabhncsvqic,11.26817515990196
kfot,11.26817515990196
notshownmatchpattern,11.26817515990196
spending,11.26817515990196
agternoon,11.26817515990196
scenes,8.78326851011396
processmaker,11.26817515990196
buildscript,6.370335359951048
onwards,9.322265010846646
preserving,10.16956287123385
ckass,11.26817515990196
outgoing,7.173830597679859
manning,11.26817515990196
germany,8.965590066907914
instrument,7.741814635285799
remova,11.26817515990196
medium,6.224750042982714
deductions,11.26817515990196
remove,3.7233140912435023
toolstrip,11.26817515990196
fatal,7.900879329915486
stringextra,11.26817515990196
surrogates,11.26817515990196
compiled,7.935970649726756
recycled,7.68465622144585
ramps,10.575027979342014
pedlocation,11.26817515990196
backstackfirst,11.26817515990196
dsag,11.26817515990196
dsaf,11.26817515990196
realign,11.26817515990196
compiler,7.005495282860645
recycler,4.3674444958567875
selectedname,11.26817515990196
avdmanager,8.703225802440423
dmask,10.575027979342014
parcelables,9.322265010846646
arays,11.26817515990196
busnum,11.26817515990196
perform,4.94202568674686
discussionpin,11.26817515990196
alertmsg,11.26817515990196
mycolors,11.26817515990196
mysettings,11.26817515990196
degress,11.26817515990196
acvitiy,11.26817515990196
vimeo,10.16956287123385
biding,11.26817515990196
fedofutbo,11.26817515990196
matchcheck,11.26817515990196
bleeding,11.26817515990196
imutable,11.26817515990196
sleepaway,11.26817515990196
modelname,11.26817515990196
invisible,5.518782173993706
guillaume,11.26817515990196
sdcard,5.0656396427140375
recognizers,9.65873724746786
arrquestion,11.26817515990196
finalization,11.26817515990196
yourmarkericon,11.26817515990196
userprofilepic,11.26817515990196
marius,8.78326851011396
geolat,11.26817515990196
kftt,11.26817515990196
ffall,11.26817515990196
ozgur,11.26817515990196
agata,11.26817515990196
youractivityxmlname,11.26817515990196
diferentes,11.26817515990196
uploadkycdoc,10.575027979342014
xvalueofbutton,11.26817515990196
fakehost,10.575027979342014
perfome,11.26817515990196
toolbox,8.560124958799749
integration,8.560124958799749
kergall,11.26817515990196
direcoes,10.16956287123385
meetings,10.16956287123385
dataconnection,11.26817515990196
containerid,11.26817515990196
vacancy,10.575027979342014
engaged,11.26817515990196
megaphone,9.881880798782069
dsec,11.26817515990196
foodname,11.26817515990196
nszgs,11.26817515990196
nszgu,11.26817515990196
obama,10.16956287123385
kinds,6.103389185978446
setsockopt,10.575027979342014
rapper,11.26817515990196
indicating,9.476415690673905
custlist,11.26817515990196
verworfen,11.26817515990196
tremorvideo,11.26817515990196
roteded,11.26817515990196
lastopened,11.26817515990196
onstopbutton,11.26817515990196
deletecontact,11.26817515990196
intuitiveui,11.26817515990196
apppackagename,10.575027979342014
czesci,11.26817515990196
monday,7.279191113337686
mydatabase,8.78326851011396
linear,3.8339177777688245
robust,10.575027979342014
mystringpref,11.26817515990196
determinare,11.26817515990196
publickey,11.26817515990196
swithcing,11.26817515990196
followin,11.26817515990196
viewlog,11.26817515990196
kingfisher,11.26817515990196
hacker,10.575027979342014
getprice,11.26817515990196
sherylhohman,11.26817515990196
myblobfield,11.26817515990196
itemssearched,11.26817515990196
edamt,11.26817515990196
recources,11.26817515990196
fyjc,11.26817515990196
hacked,10.575027979342014
tasdemir,11.26817515990196
popularised,11.26817515990196
nenhum,11.26817515990196
dsde,11.26817515990196
lowercased,11.26817515990196
bearings,10.575027979342014
overcast,11.26817515990196
useraccts,11.26817515990196
shidhin,11.26817515990196
pannadrinks,11.26817515990196
descendant,7.604613513772313
skunit,11.26817515990196
countmacroni,11.26817515990196
faraco,11.26817515990196
temps,10.575027979342014
farefill,11.26817515990196
tempq,11.26817515990196
osfg,11.26817515990196
bmap,8.870279887103589
seeall,11.26817515990196
osfp,10.575027979342014
tempb,11.26817515990196
tempc,11.26817515990196
tempa,11.26817515990196
suspend,8.177132706543643
dsfd,11.26817515990196
personalizzata,11.26817515990196
appstate,11.26817515990196
botao,10.575027979342014
invalidates,11.26817515990196
nonce,10.575027979342014
likecount,11.26817515990196
keays,11.26817515990196
tdrandroidtestboard,11.26817515990196
sfimages,11.26817515990196
txtdate,11.26817515990196
brandlist,11.26817515990196
invalidated,8.560124958799749
dsig,11.26817515990196
initiated,8.703225802440423
unclear,11.26817515990196
magisk,11.26817515990196
xmbc,11.26817515990196
represents,7.802439257102233
resultnama,11.26817515990196
initiates,10.16956287123385
xmax,11.26817515990196
attending,11.26817515990196
xmal,11.26817515990196
lihat,11.26817515990196
passanger,11.26817515990196
immaginate,11.26817515990196
follower,9.65873724746786
chainlaunch,11.26817515990196
particiapants,11.26817515990196
predator,11.26817515990196
soitem,11.26817515990196
triggermethod,11.26817515990196
lineer,11.26817515990196
dsha,11.26817515990196
getanswer,10.575027979342014
viewobject,10.575027979342014
bmax,11.26817515990196
osgi,10.575027979342014
mmaa,9.881880798782069
searchkeyword,11.26817515990196
velvet,11.26817515990196
miidvdcc,11.26817515990196
catmouse,11.26817515990196
wiget,11.26817515990196
interested,8.177132706543643
mmap,9.65873724746786
keyset,9.65873724746786
slashdot,10.16956287123385
tramnsparent,11.26817515990196
accessibility,6.813827863648452
reqbody,11.26817515990196
payne,10.575027979342014
fileoutputstream,10.16956287123385
safecenter,9.476415690673905
pinfos,11.26817515990196
startdate,9.881880798782069
accountframe,10.575027979342014
translucency,11.26817515990196
randomset,11.26817515990196
recycle,5.758786823273983
actuallist,11.26817515990196
xmcr,10.575027979342014
convo,11.26817515990196
niftysparks,11.26817515990196
imagefield,11.26817515990196
bible,11.26817515990196
scripturl,11.26817515990196
receita,11.26817515990196
conts,11.26817515990196
contr,10.575027979342014
violations,9.881880798782069
transcode,10.16956287123385
recognize,7.802439257102233
uncheked,10.575027979342014
echoing,10.16956287123385
marina,10.575027979342014
abnormal,11.26817515990196
newdetailsinstance,11.26817515990196
mmci,11.26817515990196
geoselections,11.26817515990196
enddatetime,11.26817515990196
nomes,11.26817515990196
reality,9.881880798782069
fiends,11.26817515990196
dsjk,11.26817515990196
bpassword,10.575027979342014
outgng,11.26817515990196
csmsec,11.26817515990196
perfoem,11.26817515990196
marine,11.26817515990196
bluish,11.26817515990196
routing,9.070950582565741
routine,9.322265010846646
oslo,11.26817515990196
brking,11.26817515990196
spinpos,11.26817515990196
interleave,11.26817515990196
sametag,11.26817515990196
firstboot,11.26817515990196
videoslusofona,11.26817515990196
simplevalue,11.26817515990196
extraimage,11.26817515990196
ddogleg,11.26817515990196
pasting,11.26817515990196
hasphone,11.26817515990196
escape,7.3763548617913335
himgkmhqnnlmh,11.26817515990196
funny,10.16956287123385
latest,6.042428486188759
receive,4.252462739414731
onlyif,11.26817515990196
surplus,11.26817515990196
marion,11.26817515990196
mesure,10.575027979342014
gpslocation,10.575027979342014
reygh,11.26817515990196
mmef,10.16956287123385
peeking,10.16956287123385
realise,11.26817515990196
dslv,11.26817515990196
orientattion,11.26817515990196
jmockit,11.26817515990196
processdata,11.26817515990196
dredit,11.26817515990196
fatti,11.26817515990196
hwhdh,11.26817515990196
terrhq,11.26817515990196
placing,9.188733618222123
staticfunction,11.26817515990196
clickedview,10.575027979342014
homepath,9.881880798782069
xmlpp,11.26817515990196
webiste,11.26817515990196
newtimer,11.26817515990196
realize,10.16956287123385
bundlebundlebundle,11.26817515990196
marathon,10.575027979342014
firstview,10.575027979342014
insufficient,10.575027979342014
burmese,11.26817515990196
equates,11.26817515990196
searchable,7.483985525983699
createat,11.26817515990196
gesturestart,11.26817515990196
medias,11.26817515990196
osmo,11.26817515990196
median,11.26817515990196
itemschurchnews,11.26817515990196
osmv,10.575027979342014
playing,6.069678128636134
receipt,8.703225802440423
headerbuild,11.26817515990196
datedate,11.26817515990196
homeeng,11.26817515990196
laters,11.26817515990196
prefetch,9.322265010846646
cihazlar,11.26817515990196
ganji,11.26817515990196
mirrored,10.16956287123385
fullview,11.26817515990196
xmlns,7.019679917852601
conte,10.575027979342014
fieldparams,11.26817515990196
consigamos,10.575027979342014
assembled,10.16956287123385
customizing,10.16956287123385
youintent,11.26817515990196
xmin,11.26817515990196
trident,11.26817515990196
assembles,11.26817515990196
assembler,11.26817515990196
pushd,10.575027979342014
takisoft,11.26817515990196
reified,9.188733618222123
schreiber,11.26817515990196
osom,11.26817515990196
medico,11.26817515990196
bundleobj,11.26817515990196
readwrite,8.703225802440423
statisticsscreen,11.26817515990196
pjsip,10.575027979342014
quotation,10.16956287123385
fltrs,11.26817515990196
potrete,11.26817515990196
locahost,11.26817515990196
nvbayt,11.26817515990196
lstfragment,11.26817515990196
xmls,10.575027979342014
booknmae,11.26817515990196
mmma,10.575027979342014
initiator,10.575027979342014
isfull,11.26817515990196
noectpkts,11.26817515990196
socksproxy,11.26817515990196
seethrough,11.26817515990196
wbset,11.26817515990196
iprice,11.26817515990196
scrapbook,11.26817515990196
dokyaat,11.26817515990196
noexecstack,10.16956287123385
linesize,11.26817515990196
mcmohd,11.26817515990196
dstb,10.575027979342014
identified,9.65873724746786
xmld,11.26817515990196
options,3.625651025669058
gangs,11.26817515990196
thethered,11.26817515990196
abonados,11.26817515990196
thierd,11.26817515990196
identifier,4.929581081698777
identifies,8.703225802440423
yourcolorstring,11.26817515990196
demibold,11.26817515990196
ndefcardstate,11.26817515990196
webname,11.26817515990196
webcams,10.575027979342014
osrm,10.16956287123385
precompute,11.26817515990196
autofittextview,10.575027979342014
chararc,11.26817515990196
someasset,11.26817515990196
discharging,11.26817515990196
enddate,10.16956287123385
light,5.808589645757801
stringvalue,10.575027979342014
separe,11.26817515990196
kgen,10.575027979342014
brodcast,11.26817515990196
lunarmaps,11.26817515990196
dimesion,11.26817515990196
armcha,11.26817515990196
tabl,11.26817515990196
tampered,10.575027979342014
yourtexview,11.26817515990196
innerradius,11.26817515990196
tabs,5.795904486230485
speach,11.26817515990196
loation,11.26817515990196
esperar,11.26817515990196
arduino,9.65873724746786
bytebuddy,11.26817515990196
bmoy,11.26817515990196
temer,11.26817515990196
dhttp,10.575027979342014
conno,11.26817515990196
touching,8.272442886347969
taag,11.26817515990196
giftlist,11.26817515990196
dmnugent,11.26817515990196
abcdfb,11.26817515990196
lract,11.26817515990196
dcheck,11.26817515990196
unscrollable,11.26817515990196
mmmm,7.46151267013164
newcolumn,10.575027979342014
rispetto,11.26817515990196
vimal,11.26817515990196
organizer,9.65873724746786
halfbyte,9.65873724746786
moste,11.26817515990196
backgrounds,7.712827098412546
abcdef,8.78326851011396
bonces,11.26817515990196
dstv,11.26817515990196
sliding,6.714298268301419
dswt,11.26817515990196
millisekunder,11.26817515990196
submitbtn,10.575027979342014
xmpp,8.177132706543643
obaby,11.26817515990196
interrupt,7.356152154473814
recived,10.16956287123385
httpost,9.322265010846646
tada,10.16956287123385
fundo,10.575027979342014
enterheight,11.26817515990196
glowpadbackport,10.575027979342014
currentlistitem,11.26817515990196
bmps,11.26817515990196
additionnal,11.26817515990196
tack,11.26817515990196
archivo,10.575027979342014
bmpp,11.26817515990196
conman,8.6291178302867
densitiy,11.26817515990196
archive,6.663004973913869
reciver,8.78326851011396
taco,11.26817515990196
apkins,11.26817515990196
oposite,11.26817515990196
absolutely,9.65873724746786
truncating,11.26817515990196
arraysub,10.575027979342014
envoyer,11.26817515990196
crealtabcontent,11.26817515990196
altitude,8.090121329554014
packageinfo,11.26817515990196
holidaywebservice,11.26817515990196
substitution,11.26817515990196
credentials,6.558644958589626
mmsh,11.26817515990196
arbaz,11.26817515990196
arraystr,11.26817515990196
noteslistcontainer,11.26817515990196
mockito,7.063482540510994
adarshk,11.26817515990196
clippydata,11.26817515990196
infront,11.26817515990196
parcleable,11.26817515990196
archiva,11.26817515990196
nweight,11.26817515990196
magick,10.575027979342014
pathlist,11.26817515990196
truncation,11.26817515990196
premissions,11.26817515990196
pawfile,11.26817515990196
backupexample,11.26817515990196
requirements,8.703225802440423
ligne,10.575027979342014
funct,11.26817515990196
eighth,10.575027979342014
scanadded,11.26817515990196
geopoints,10.16956287123385
encounter,10.16956287123385
nomor,10.575027979342014
pfaffenrodt,11.26817515990196
inredis,11.26817515990196
bahdcz,11.26817515990196
bqzyx,11.26817515990196
governing,8.13268094397281
marking,9.188733618222123
lignt,11.26817515990196
bullfin,10.575027979342014
datesignup,11.26817515990196
stringprep,11.26817515990196
marico,10.575027979342014
funcs,10.575027979342014
boletim,11.26817515990196
ghatt,11.26817515990196
seinfo,11.26817515990196
account,5.235088938103158
pointstext,11.26817515990196
startervice,11.26817515990196
safer,9.881880798782069
xxootitle,11.26817515990196
purus,11.26817515990196
rhodes,11.26817515990196
etmbega,11.26817515990196
evaluation,9.881880798782069
actuator,11.26817515990196
facebookta,11.26817515990196
ndefmsg,11.26817515990196
storelist,11.26817515990196
porcentajes,11.26817515990196
hunting,10.575027979342014
rally,10.16956287123385
knowledge,10.575027979342014
lunghezza,11.26817515990196
happen,7.109292076542288
savingimagepath,11.26817515990196
aaafai,11.26817515990196
loyal,10.575027979342014
combo,8.223652722178537
keepattributes,8.223652722178537
serice,11.26817515990196
tags,6.54078734118962
tocken,10.575027979342014
cancellation,8.434961815845744
interpolator,6.464154115168704
evaluating,10.575027979342014
tage,11.26817515990196
suppormanager,11.26817515990196
strbuilder,11.26817515990196
txtfile,10.575027979342014
bottle,9.476415690673905
embedder,10.575027979342014
andrewedgar,11.26817515990196
involvement,11.26817515990196
lineangle,11.26817515990196
gravatar,10.575027979342014
safhe,11.26817515990196
somestringvalue,11.26817515990196
embedded,7.005495282860645
yonlendirdi,11.26817515990196
tail,8.090121329554014
louisbl,11.26817515990196
cqydvqqg,11.26817515990196
tells,8.377803402005796
fzco,11.26817515990196
vividnessable,10.575027979342014
series,7.173830597679859
xcproject,11.26817515990196
phenomena,11.26817515990196
infos,7.125040433510427
infor,10.575027979342014
onlineoffline,10.575027979342014
thickness,9.070950582565741
branding,11.26817515990196
safar,11.26817515990196
newdat,11.26817515990196
raycast,10.575027979342014
theitem,11.26817515990196
tale,10.575027979342014
devpreview,11.26817515990196
chinese,9.188733618222123
talc,11.26817515990196
tala,11.26817515990196
tasbeeh,11.26817515990196
dtag,11.26817515990196
talk,8.965590066907914
compilare,11.26817515990196
injecting,9.881880798782069
tall,9.65873724746786
landmark,11.26817515990196
ralph,10.575027979342014
scanitems,11.26817515990196
taks,11.26817515990196
acccording,11.26817515990196
transac,11.26817515990196
netwoks,11.26817515990196
includepath,10.575027979342014
cinnamon,11.26817515990196
lorensiuswlt,11.26817515990196
alphabets,9.322265010846646
attrbiute,11.26817515990196
setone,11.26817515990196
instanitiate,11.26817515990196
standings,10.575027979342014
ecoded,11.26817515990196
phleem,11.26817515990196
cmdabout,11.26817515990196
zopfli,11.26817515990196
compilate,11.26817515990196
ndkexample,11.26817515990196
isonair,11.26817515990196
tank,9.881880798782069
reception,11.26817515990196
hometown,9.322265010846646
simmetrics,11.26817515990196
wtext,11.26817515990196
sneakylist,11.26817515990196
affects,9.476415690673905
otay,11.26817515990196
lifts,11.26817515990196
mapsrefrence,11.26817515990196
queryset,11.26817515990196
alphabeta,11.26817515990196
foregrounded,9.881880798782069
tama,11.26817515990196
checkstrerr,11.26817515990196
buzagi,11.26817515990196
injection,8.377803402005796
sparkle,11.26817515990196
serija,11.26817515990196
asdasdasdad,11.26817515990196
titlestring,10.575027979342014
taps,9.070950582565741
transperant,11.26817515990196
nouveau,11.26817515990196
iaqq,11.26817515990196
eventtarget,11.26817515990196
payer,9.881880798782069
payee,10.16956287123385
multibindings,11.26817515990196
boilerfluff,11.26817515990196
setopt,9.322265010846646
servizio,11.26817515990196
stadium,10.16956287123385
mosby,10.575027979342014
jisho,11.26817515990196
payed,10.575027979342014
pulsante,11.26817515990196
infix,11.26817515990196
transer,11.26817515990196
culprit,9.881880798782069
twitterconnect,11.26817515990196
connectivitymanager,11.26817515990196
bosch,11.26817515990196
visitable,10.575027979342014
canceller,10.575027979342014
plyer,11.26817515990196
cancelled,5.012425118148593
dotleft,11.26817515990196
dealyed,11.26817515990196
wifis,11.26817515990196
tannery,11.26817515990196
wifip,11.26817515990196
pitroad,11.26817515990196
yourclass,8.703225802440423
edatabase,11.26817515990196
decalre,11.26817515990196
adress,8.495586437662178
notificattion,11.26817515990196
screeshot,11.26817515990196
adresi,11.26817515990196
targ,11.26817515990196
audioplayer,11.26817515990196
parentlayout,10.16956287123385
member,6.416144895982343
moneda,11.26817515990196
tart,11.26817515990196
holladay,11.26817515990196
taro,11.26817515990196
rempote,11.26817515990196
ressult,11.26817515990196
mapbox,8.870279887103589
redweb,11.26817515990196
iarr,11.26817515990196
recompress,11.26817515990196
tara,11.26817515990196
touchstart,7.900879329915486
favourite,8.434961815845744
testdatabase,11.26817515990196
prospect,11.26817515990196
hasmoved,11.26817515990196
taqh,11.26817515990196
patern,11.26817515990196
patidar,11.26817515990196
testsound,11.26817515990196
roelants,11.26817515990196
vehiclestatus,11.26817515990196
spamming,11.26817515990196
contactnumber,11.26817515990196
serve,8.495586437662178
bollino,11.26817515990196
lserver,11.26817515990196
callrecorder,11.26817515990196
webviewdemo,11.26817515990196
othe,11.26817515990196
buffered,4.768388119246106
jsonarr,9.881880798782069
servo,10.575027979342014
whatscasting,11.26817515990196
ferries,11.26817515990196
ondate,10.575027979342014
tata,10.575027979342014
timmer,10.575027979342014
labmanuals,11.26817515990196
deskjet,11.26817515990196
bnav,11.26817515990196
eurostile,11.26817515990196
hertz,11.26817515990196
task,3.3212038022083696
convenient,9.322265010846646
infer,10.16956287123385
transit,7.46151267013164
parameteres,10.575027979342014
tast,10.575027979342014
somevaliddomain,11.26817515990196
noman,11.26817515990196
getfixture,11.26817515990196
yourimage,8.377803402005796
colum,10.575027979342014
deleta,10.575027979342014
scrubs,11.26817515990196
certificati,10.575027979342014
blanck,11.26817515990196
blanch,11.26817515990196
smallscreen,11.26817515990196
certificate,6.924369738048276
appears,8.32373618073552
whishlist,11.26817515990196
certificata,11.26817515990196
getattr,11.26817515990196
delete,4.4286987216731175
taggroup,11.26817515990196
gstream,11.26817515990196
circleypos,11.26817515990196
boname,11.26817515990196
sampleurl,10.16956287123385
jointpain,11.26817515990196
numtest,11.26817515990196
jsonapi,11.26817515990196
clearcache,11.26817515990196
imagename,8.272442886347969
closeotnot,11.26817515990196
leadership,11.26817515990196
ranked,10.575027979342014
teslacoilsw,11.26817515990196
microwave,11.26817515990196
ville,11.26817515990196
selectyed,11.26817515990196
taux,10.575027979342014
moshi,9.322265010846646
equation,9.476415690673905
segmented,10.16956287123385
outfil,11.26817515990196
actref,11.26817515990196
pelajaran,11.26817515990196
myimagename,11.26817515990196
irinathecat,11.26817515990196
columnindex,10.575027979342014
bnds,11.26817515990196
blanco,11.26817515990196
bndl,11.26817515990196
merchants,10.575027979342014
alarmmanager,10.16956287123385
linejoin,11.26817515990196
certificato,10.575027979342014
keyframes,10.16956287123385
imagethree,11.26817515990196
onfocusin,11.26817515990196
seleccionados,11.26817515990196
scrollstore,11.26817515990196
dtmf,9.070950582565741
javadocs,9.65873724746786
wifitool,11.26817515990196
xnew,11.26817515990196
taxo,11.26817515990196
outfit,11.26817515990196
playcount,11.26817515990196
entitiy,10.16956287123385
happyheal,11.26817515990196
cdvphotolibrary,11.26817515990196
wwwwwwwwww,11.26817515990196
stateless,10.575027979342014
foofoo,10.575027979342014
repsonse,11.26817515990196
taxi,9.322265010846646
installer,7.3763548617913335
normalizer,9.322265010846646
vreme,11.26817515990196
dtls,11.26817515990196
processing,6.813827863648452
tadaaa,11.26817515990196
serch,11.26817515990196
dtom,11.26817515990196
hoffset,11.26817515990196
spinid,11.26817515990196
frogermcs,11.26817515990196
javaextdirs,11.26817515990196
prueba,9.476415690673905
collecting,9.881880798782069
purch,11.26817515990196
secondtest,10.16956287123385
schedular,10.575027979342014
agame,11.26817515990196
perspective,9.881880798782069
bullets,9.881880798782069
leftandright,11.26817515990196
radious,10.16956287123385
remindernotmessage,11.26817515990196
thebitmap,11.26817515990196
zipname,10.16956287123385
dpaegj,11.26817515990196
colorname,10.575027979342014
livegenic,11.26817515990196
snellen,11.26817515990196
fullnamedb,10.575027979342014
nsxml,10.575027979342014
dbsample,11.26817515990196
destdir,10.575027979342014
khan,10.16956287123385
itemcategories,11.26817515990196
autofill,9.476415690673905
parkway,9.881880798782069
gamma,9.65873724746786
mngr,8.377803402005796
tostart,10.575027979342014
leftfoot,11.26817515990196
choralbearbeitungen,11.26817515990196
ylabel,11.26817515990196
stoperica,11.26817515990196
plangrid,11.26817515990196
sudani,11.26817515990196
gcmreg,11.26817515990196
otpp,11.26817515990196
leaves,9.65873724746786
zenphone,11.26817515990196
myfilepath,11.26817515990196
whassup,11.26817515990196
multiplier,8.495586437662178
jalcomputing,11.26817515990196
sourcelongitude,11.26817515990196
collection,5.512432946315048
justinbieber,11.26817515990196
coconut,10.575027979342014
rimosso,11.26817515990196
radionz,11.26817515990196
guessed,10.16956287123385
mehtod,10.575027979342014
myfragment,9.188733618222123
webviewurl,11.26817515990196
kills,9.881880798782069
installed,5.4451292644189415
swipelayout,11.26817515990196
txtsearch,11.26817515990196
scheduled,7.279191113337686
father,8.703225802440423
toastobject,11.26817515990196
purge,8.965590066907914
guesser,11.26817515990196
guesses,10.575027979342014
commerce,10.16956287123385
bizarrely,11.26817515990196
yourintent,10.575027979342014
towers,10.575027979342014
scheduler,7.125040433510427
subproject,10.575027979342014
cammera,11.26817515990196
multiplied,10.575027979342014
surfaces,11.26817515990196
kelley,11.26817515990196
otro,10.575027979342014
schedules,9.188733618222123
xrunjdwp,11.26817515990196
abcert,11.26817515990196
custcode,11.26817515990196
itype,10.575027979342014
summary,6.355520274165908
sessiontuts,11.26817515990196
arrallcitiies,11.26817515990196
setfriend,11.26817515990196
compy,10.575027979342014
textafter,10.575027979342014
secondtext,11.26817515990196
spiner,10.575027979342014
appinfo,9.322265010846646
thornes,11.26817515990196
mkbootfs,11.26817515990196
lvphone,11.26817515990196
coerce,10.575027979342014
sistema,11.26817515990196
teleborg,11.26817515990196
dinvite,11.26817515990196
sistemi,11.26817515990196
degrees,6.595346325440054
newdev,11.26817515990196
opciones,11.26817515990196
disadvantages,11.26817515990196
superclass,7.396974148994069
games,7.109292076542288
compreso,11.26817515990196
gamer,10.575027979342014
opportune,11.26817515990196
viewpager,7.141040774856869
mainid,11.26817515990196
dependent,8.010078621880478
comentarios,11.26817515990196
compresi,11.26817515990196
compress,5.086090253185328
bnnm,11.26817515990196
briefly,11.26817515990196
passpharse,11.26817515990196
nfrom,8.703225802440423
srckeystore,9.65873724746786
otherprogram,11.26817515990196
sprit,10.16956287123385
todolist,9.881880798782069
baqefaaocaq,11.26817515990196
otsu,9.65873724746786
localxmlfile,11.26817515990196
iban,10.575027979342014
filpper,10.575027979342014
morph,11.26817515990196
xxxxxxxxxxxxxxxxxxxxxxxxxxxx,11.26817515990196
sharethis,11.26817515990196
distress,11.26817515990196
comms,11.26817515990196
mywebview,9.881880798782069
goztepe,11.26817515990196
schedulie,11.26817515990196
alterdialog,11.26817515990196
commo,11.26817515990196
donations,11.26817515990196
klasiki,11.26817515990196
exption,11.26817515990196
winffee,11.26817515990196
embarkmobile,10.16956287123385
uniform,7.712827098412546
khonsari,11.26817515990196
colorbar,11.26817515990196
mytesttag,11.26817515990196
sysprops,10.575027979342014
tubers,11.26817515990196
morse,11.26817515990196
setobj,11.26817515990196
onboarding,10.575027979342014
kkjhkjh,11.26817515990196
messagebox,10.16956287123385
uninitialized,9.65873724746786
totaltide,11.26817515990196
established,8.13268094397281
finger,7.316931441320532
bnpp,10.575027979342014
equirectangular,11.26817515990196
caused,7.034068655304701
commatokens,11.26817515990196
nuuneoi,11.26817515990196
packtpub,11.26817515990196
grupos,10.575027979342014
incremental,8.272442886347969
alergies,10.575027979342014
sherlock,7.157301295728649
cyanogenmod,10.575027979342014
tashkeel,11.26817515990196
loccounter,11.26817515990196
myrestendpoint,11.26817515990196
toolbar,4.969225913046017
nocorrect,11.26817515990196
mainll,10.16956287123385
certificandole,11.26817515990196
comma,7.630589000175574
plackal,11.26817515990196
downscale,11.26817515990196
flowable,7.834187955416813
wather,10.575027979342014
valuetrim,11.26817515990196
technicans,11.26817515990196
descriver,11.26817515990196
comprando,11.26817515990196
keypress,9.881880798782069
unassigned,10.575027979342014
datavalue,10.575027979342014
notsuccessful,11.26817515990196
bootanimation,11.26817515990196
hcedemo,11.26817515990196
centering,10.16956287123385
spref,10.16956287123385
averell,11.26817515990196
swedish,10.16956287123385
botton,9.881880798782069
thankyou,11.26817515990196
baloon,10.575027979342014
drawgraph,11.26817515990196
bottom,4.277918659408079
loggername,11.26817515990196
ubuntudroid,11.26817515990196
doyonghoon,11.26817515990196
fixture,8.32373618073552
collision,8.13268094397281
textenter,11.26817515990196
aliasname,10.575027979342014
xfffffffffffffff,11.26817515990196
reusing,9.476415690673905
calorie,9.65873724746786
inputdate,11.26817515990196
checkflag,11.26817515990196
choosers,11.26817515990196
urlstring,10.16956287123385
arrival,9.188733618222123
normalized,8.272442886347969
toolbelt,10.575027979342014
ststic,11.26817515990196
mnum,11.26817515990196
membership,8.6291178302867
firstv,11.26817515990196
cloudinary,9.65873724746786
network,4.354437809242276
cosmetics,11.26817515990196
shortcut,7.109292076542288
bnve,10.575027979342014
testmailchimp,11.26817515990196
citylist,11.26817515990196
redirection,10.16956287123385
messege,10.16956287123385
strnama,11.26817515990196
buffersz,11.26817515990196
strname,10.575027979342014
mnth,11.26817515990196
charging,8.377803402005796
resources,3.1664974124473884
volendolo,11.26817515990196
expensive,9.322265010846646
organizator,11.26817515990196
notificationicon,11.26817515990196
kadugodi,11.26817515990196
serial,6.472384614305219
redirecting,9.476415690673905
serie,10.575027979342014
serif,7.439533763412865
invoice,9.070950582565741
comic,9.65873724746786
slika,11.26817515990196
obfuscating,11.26817515990196
aboutsports,11.26817515990196
exploitrme,11.26817515990196
accuracy,6.74638658285292
antwort,11.26817515990196
mohamad,11.26817515990196
enterportfolioname,11.26817515990196
bbutton,11.26817515990196
score,5.758786823273983
llibswscale,11.26817515990196
quote,7.048667454725853
ibjs,11.26817515990196
quota,9.65873724746786
pathof,10.575027979342014
textviewtitle,11.26817515990196
thermal,11.26817515990196
reparenting,10.575027979342014
colides,11.26817515990196
keypwd,11.26817515990196
viola,11.26817515990196
appendix,11.26817515990196
tvphone,11.26817515990196
tessdata,10.575027979342014
unlocking,10.16956287123385
afilechooser,10.16956287123385
triggers,8.560124958799749
authorities,10.16956287123385
pellentesque,11.26817515990196
phoneoptimize,11.26817515990196
statusline,11.26817515990196
tbig,11.26817515990196
copia,10.575027979342014
poster,8.177132706543643
parseapp,11.26817515990196
ambient,10.16956287123385
transalations,11.26817515990196
currentactivity,9.881880798782069
ffffffff,7.657257247257736
posted,7.418027558191901
dollar,9.65873724746786
getintent,9.65873724746786
dual,8.870279887103589
softkeyboard,9.476415690673905
treatise,11.26817515990196
xnxo,10.575027979342014
viewgroup,8.560124958799749
easymanagementandroid,11.26817515990196
aayushi,11.26817515990196
departments,10.16956287123385
currentclass,9.65873724746786
morris,11.26817515990196
ciphered,11.26817515990196
saint,11.26817515990196
acessar,10.575027979342014
photo,5.0436167306266
foooter,11.26817515990196
espen,11.26817515990196
swing,9.881880798782069
hisense,11.26817515990196
unrelated,10.575027979342014
suche,11.26817515990196
congestion,11.26817515990196
maindb,11.26817515990196
installsp,11.26817515990196
moved,6.849334552105362
mohamed,10.575027979342014
fwvga,11.26817515990196
akturkler,11.26817515990196
chterm,10.575027979342014
outerlayout,10.575027979342014
transmission,10.575027979342014
somedouble,11.26817515990196
duck,9.65873724746786
inits,10.16956287123385
finish,3.876143592387369
allproductsname,11.26817515990196
ragment,11.26817515990196
bergen,11.26817515990196
listviewjsonexample,11.26817515990196
fphone,11.26817515990196
escapes,10.575027979342014
redgradientbackground,11.26817515990196
listofdata,11.26817515990196
mehuljoisar,11.26817515990196
scons,11.26817515990196
appender,11.26817515990196
querry,11.26817515990196
dbcur,11.26817515990196
parenthesis,9.881880798782069
fliing,11.26817515990196
escaped,9.476415690673905
arraylists,10.575027979342014
fltprice,11.26817515990196
inttalksdk,11.26817515990196
fsize,11.26817515990196
imagae,11.26817515990196
peacefully,11.26817515990196
btntest,11.26817515990196
timeplease,11.26817515990196
firsttest,11.26817515990196
contiguous,9.65873724746786
scool,11.26817515990196
trust,7.604613513772313
faves,9.881880798782069
scoop,11.26817515990196
filefilter,11.26817515990196
arropids,11.26817515990196
decleration,11.26817515990196
masterrs,11.26817515990196
prevent,6.567694794109544
minmaxtemp,11.26817515990196
quickbirdstudios,11.26817515990196
glitch,11.26817515990196
appended,6.408362755540288
sholdn,11.26817515990196
scope,6.392977836700808
duel,10.575027979342014
millenialmedia,11.26817515990196
actionafteruninstall,10.575027979342014
onsong,11.26817515990196
obfuscation,9.881880798782069
hascomma,11.26817515990196
geoccordinate,11.26817515990196
haiti,11.26817515990196
mymodule,11.26817515990196
message,3.1310717702626585
duct,10.575027979342014
incrementer,11.26817515990196
senderphonenumber,11.26817515990196
tabpiechart,11.26817515990196
hipotenusa,11.26817515990196
reactnativenavigation,9.881880798782069
intialize,10.575027979342014
micro,8.377803402005796
mover,9.881880798782069
centroid,9.476415690673905
moves,8.13268094397281
onmsgesturechange,11.26817515990196
postobj,11.26817515990196
dude,9.322265010846646
tbol,11.26817515990196
cpassword,11.26817515990196
incremented,9.188733618222123
ouch,10.575027979342014
srcstorepass,10.575027979342014
shoulders,11.26817515990196
iranian,10.575027979342014
untouched,10.575027979342014
islamic,9.881880798782069
movie,6.211929354553652
upipe,10.575027979342014
fontsize,10.16956287123385
dbuser,10.575027979342014
futura,11.26817515990196
samplelayout,11.26817515990196
gestures,7.97233829389763
pversion,11.26817515990196
scrolling,6.069678128636134
mypref,9.070950582565741
newpaper,11.26817515990196
maxtimes,11.26817515990196
yourexportddatbasename,11.26817515990196
homescreen,9.188733618222123
slist,11.26817515990196
decline,8.870279887103589
valuename,10.575027979342014
gritview,11.26817515990196
loginscreen,10.16956287123385
firstmd,11.26817515990196
ibro,10.16956287123385
keyaction,11.26817515990196
swiss,11.26817515990196
duet,10.16956287123385
dbhandler,10.16956287123385
swith,11.26817515990196
localabstract,10.575027979342014
userarray,11.26817515990196
defects,11.26817515990196
yourtableid,11.26817515990196
duff,5.680926501501711
ofscreen,11.26817515990196
mobs,11.26817515990196
duid,11.26817515990196
entitty,10.575027979342014
xobj,11.26817515990196
uncle,11.26817515990196
retain,7.483985525983699
lancement,10.575027979342014
retail,9.881880798782069
novalidate,11.26817515990196
duis,10.575027979342014
boco,10.575027979342014
firstly,9.881880798782069
mobj,11.26817515990196
mobi,9.322265010846646
diaglog,11.26817515990196
awantipura,11.26817515990196
impegni,11.26817515990196
ibtn,10.16956287123385
setlayoutstring,10.575027979342014
thrshold,11.26817515990196
boat,9.881880798782069
nqydvr,11.26817515990196
future,6.340921474744755
ibta,11.26817515990196
retake,11.26817515990196
futuro,11.26817515990196
gestured,10.575027979342014
setlng,11.26817515990196
tache,11.26817515990196
body,4.155033051194872
biserica,11.26817515990196
reactivex,8.13268094397281
mode,3.38774881560956
buffer,4.632228604215314
modo,11.26817515990196
mockitio,11.26817515990196
yourbtn,10.575027979342014
nqvme,11.26817515990196
percentages,11.26817515990196
apprequests,11.26817515990196
callmyservice,11.26817515990196
objectbsk,11.26817515990196
gdgsghs,11.26817515990196
zuid,11.26817515990196
postad,11.26817515990196
swipe,5.870012458384207
mocl,11.26817515990196
espaces,10.575027979342014
mock,6.2777425731232235
postal,7.604613513772313
bwifilist,11.26817515990196
leverage,11.26817515990196
rnimei,10.575027979342014
equipped,11.26817515990196
somesearch,11.26817515990196
continuousauto,11.26817515990196
dumb,9.188733618222123
deptcode,11.26817515990196
favour,11.26817515990196
xview,11.26817515990196
xoff,11.26817515990196
moff,11.26817515990196
basalt,11.26817515990196
dockercloud,11.26817515990196
gloss,10.16956287123385
dump,6.861455912637707
bogo,11.26817515990196
dumm,11.26817515990196
tacke,11.26817515990196
sucks,10.575027979342014
unstatic,11.26817515990196
subelement,11.26817515990196
disposing,10.16956287123385
oule,11.26817515990196
maintext,10.575027979342014
dbcon,10.575027979342014
veces,11.26817515990196
sundays,10.16956287123385
myutility,11.26817515990196
firstor,11.26817515990196
animacao,10.575027979342014
messrs,11.26817515990196
verdana,8.965590066907914
indexof,10.575027979342014
vibe,10.575027979342014
accurate,9.322265010846646
zuno,11.26817515990196
waterfak,11.26817515990196
checkform,11.26817515990196
aresponse,11.26817515990196
statuscode,9.881880798782069
oxford,11.26817515990196
officia,11.26817515990196
maggie,11.26817515990196
protein,9.188733618222123
english,6.340921474744755
ount,11.26817515990196
kibo,11.26817515990196
eatbacon,11.26817515990196
contenier,11.26817515990196
aboutus,10.16956287123385
margin,5.368277806319468
zumo,11.26817515990196
onclick,6.898727307434938
ound,10.575027979342014
viam,11.26817515990196
lvoid,11.26817515990196
subst,11.26817515990196
newname,9.881880798782069
mount,6.75731565338511
vvvvvvvvvvvv,11.26817515990196
newenq,11.26817515990196
truez,11.26817515990196
recipients,8.495586437662178
neovisionaries,11.26817515990196
haltestellen,10.575027979342014
vide,9.322265010846646
dublin,10.16956287123385
jroot,11.26817515990196
excecute,11.26817515990196
enddat,11.26817515990196
fehlzeiten,11.26817515990196
webviewlayout,11.26817515990196
automobile,10.575027979342014
fruits,8.377803402005796
mojo,10.16956287123385
hypot,9.881880798782069
mannelijk,10.575027979342014
patience,11.26817515990196
gminor,11.26817515990196
poruceno,11.26817515990196
iframe,8.049299335033758
oups,11.26817515990196
kids,9.322265010846646
emojis,9.881880798782069
vice,9.65873724746786
textfrom,11.26817515990196
parseaaa,11.26817515990196
scode,10.575027979342014
complications,11.26817515990196
heightof,9.65873724746786
udhcpd,11.26817515990196
noticed,11.26817515990196
suppress,5.812854044544259
delegates,9.476415690673905
onstage,11.26817515990196
scelto,11.26817515990196
vehiculos,11.26817515990196
bower,10.16956287123385
abraham,10.575027979342014
notices,10.16956287123385
vibs,11.26817515990196
ownership,8.870279887103589
kick,10.575027979342014
certeza,11.26817515990196
iproject,11.26817515990196
dups,9.881880798782069
stringbuilder,11.26817515990196
shareimagebutton,11.26817515990196
mappable,10.575027979342014
mois,11.26817515990196
stddsc,11.26817515990196
gapps,9.322265010846646
strength,7.834187955416813
multiflavorapp,11.26817515990196
grafica,11.26817515990196
arguements,11.26817515990196
yourtype,10.575027979342014
organisation,10.575027979342014
mome,11.26817515990196
enclosing,8.703225802440423
bomb,11.26817515990196
duse,11.26817515990196
ffdec,10.575027979342014
mouse,7.712827098412546
spacecraft,11.26817515990196
view,1.1124513818483497
viev,10.16956287123385
doodkin,11.26817515990196
vies,11.26817515990196
langval,11.26817515990196
vier,11.26817515990196
mols,11.26817515990196
searchq,11.26817515990196
newest,9.070950582565741
spinner,4.471351441627104
travelling,11.26817515990196
doalog,11.26817515990196
kiez,10.575027979342014
lastlocation,11.26817515990196
durl,11.26817515990196
mview,10.575027979342014
holland,11.26817515990196
mole,11.26817515990196
mold,11.26817515990196
yourtextfilepath,11.26817515990196
bold,5.874547613549598
httpconnection,11.26817515990196
songdesc,11.26817515990196
dura,11.26817515990196
clippings,11.26817515990196
vids,10.575027979342014
newitem,10.575027979342014
kiel,11.26817515990196
acessor,11.26817515990196
avformat,9.881880798782069
neeraj,10.575027979342014
unhide,10.575027979342014
initialzie,11.26817515990196
proxyhost,11.26817515990196
kiet,11.26817515990196
boop,11.26817515990196
ipaddress,9.65873724746786
bool,5.738746072390537
mood,10.575027979342014
mooc,10.575027979342014
boom,9.476415690673905
absence,10.16956287123385
book,6.2777425731232235
truck,10.16956287123385
toolbarexample,11.26817515990196
millisecinds,11.26817515990196
moof,11.26817515990196
onbuild,11.26817515990196
boog,11.26817515990196
subservice,11.26817515990196
ktora,11.26817515990196
mono,7.279191113337686
kicking,11.26817515990196
rodrigues,11.26817515990196
intraday,11.26817515990196
allmusic,11.26817515990196
outs,11.26817515990196
negative,5.165616565288391
indexes,8.223652722178537
replacable,11.26817515990196
postalcode,11.26817515990196
negativo,11.26817515990196
interreupted,11.26817515990196
mont,11.26817515990196
boot,6.464154115168704
dojox,11.26817515990196
fragement,10.16956287123385
outw,11.26817515990196
mony,11.26817515990196
frontheadlight,10.16956287123385
dbdir,10.575027979342014
abbreviate,11.26817515990196
permettere,11.26817515990196
monk,11.26817515990196
bond,8.6291178302867
outh,11.26817515990196
yvbcp,11.26817515990196
ical,10.16956287123385
unmarshal,11.26817515990196
assuming,6.319415269523792
giants,11.26817515990196
kegiatan,11.26817515990196
softmagic,11.26817515990196
icao,11.26817515990196
duty,10.575027979342014
faststart,11.26817515990196
krill,11.26817515990196
kiosk,9.881880798782069
liblibtiff,11.26817515990196
invisble,11.26817515990196
trump,11.26817515990196
assignments,9.65873724746786
onloadend,9.65873724746786
erasing,10.16956287123385
rrrgggbbb,11.26817515990196
backports,11.26817515990196
experimental,8.703225802440423
anyting,11.26817515990196
jonathan,11.26817515990196
bimage,10.575027979342014
transmitted,9.881880798782069
corruptions,11.26817515990196
googlejavaformat,11.26817515990196
yogesh,10.16956287123385
cupertino,11.26817515990196
messge,11.26817515990196
slice,8.703225802440423
filefrom,10.575027979342014
tempbitmap,11.26817515990196
saida,11.26817515990196
transmitter,9.881880798782069
slick,11.26817515990196
prefereces,10.575027979342014
phonr,11.26817515990196
imagev,10.16956287123385
images,4.5491620055167
imaget,11.26817515990196
ardie,11.26817515990196
indexed,8.965590066907914
imagem,8.965590066907914
isnumbervalid,11.26817515990196
imagen,9.322265010846646
lastview,10.575027979342014
highpass,11.26817515990196
indexer,10.575027979342014
spinnrs,11.26817515990196
bkgrdmsc,11.26817515990196
trunk,10.575027979342014
xoom,10.575027979342014
checknetwork,11.26817515990196
guillotine,11.26817515990196
imager,11.26817515990196
imageo,11.26817515990196
agdit,11.26817515990196
funkcje,11.26817515990196
imagee,11.26817515990196
imagef,11.26817515990196
moon,8.965590066907914
receiverid,11.26817515990196
trunc,11.26817515990196
phone,4.301208021287977
yournavigation,11.26817515990196
slide,6.092025427328131
initialzed,11.26817515990196
qqdemo,11.26817515990196
gridline,11.26817515990196
moov,11.26817515990196
participation,11.26817515990196
stockholm,11.26817515990196
damage,8.965590066907914
layoutwheretextviewis,11.26817515990196
swidm,11.26817515990196
boss,10.575027979342014
cubemap,11.26817515990196
permissiontestserver,11.26817515990196
pattern,5.218441704670002
increment,6.558644958589626
xorl,11.26817515990196
userdatabase,10.575027979342014
kilo,9.881880798782069
programtitle,11.26817515990196
tcex,11.26817515990196
physics,7.8669777782398045
protect,9.322265010846646
roundness,11.26817515990196
scoll,11.26817515990196
contextually,11.26817515990196
getallaudio,11.26817515990196
subdirs,11.26817515990196
messes,11.26817515990196
born,11.26817515990196
ooptions,11.26817515990196
predraw,11.26817515990196
nouvelle,11.26817515990196
chetimeslot,11.26817515990196
watcherimplements,11.26817515990196
anytime,11.26817515990196
lfloat,10.575027979342014
kill,5.990060500671443
morn,11.26817515990196
conductor,10.575027979342014
interpolated,8.434961815845744
aptoide,11.26817515990196
csvfile,10.16956287123385
satelite,10.575027979342014
accounts,6.514584968795595
canshowview,11.26817515990196
orchid,11.26817515990196
resample,10.575027979342014
pickupbak,11.26817515990196
bout,11.26817515990196
apptool,11.26817515990196
curfreg,11.26817515990196
vins,11.26817515990196
unplugged,10.16956287123385
mots,11.26817515990196
membuat,11.26817515990196
percentage,7.078520417875534
prhase,11.26817515990196
intesect,11.26817515990196
naviation,10.575027979342014
connections,7.630589000175574
hyper,10.575027979342014
grafika,10.575027979342014
impsum,11.26817515990196
masterlistview,11.26817515990196
mote,10.575027979342014
dbxserver,11.26817515990196
usefull,9.65873724746786
blahblah,9.476415690673905
king,9.65873724746786
sizeof,8.090121329554014
establecimiento,11.26817515990196
kind,6.531976711507465
timing,8.560124958799749
boto,10.575027979342014
maksim,11.26817515990196
kink,11.26817515990196
dishname,11.26817515990196
premijera,11.26817515990196
moto,9.476415690673905
theysaidso,11.26817515990196
noout,10.16956287123385
cepkts,11.26817515990196
psypher,11.26817515990196
moss,11.26817515990196
pfile,11.26817515990196
settingspreference,11.26817515990196
usagestats,9.65873724746786
michi,11.26817515990196
dsceding,11.26817515990196
noord,11.26817515990196
micky,11.26817515990196
noori,10.575027979342014
affecting,8.870279887103589
bowl,11.26817515990196
understands,10.575027979342014
myprop,10.575027979342014
boxh,11.26817515990196
boxe,11.26817515990196
myproj,11.26817515990196
patient,8.13268094397281
myprof,11.26817515990196
phony,11.26817515990196
webviewtwo,11.26817515990196
sekrit,11.26817515990196
messag,10.575027979342014
kitkat,6.714298268301419
scripts,8.78326851011396
myprod,11.26817515990196
createtable,10.16956287123385
move,3.8292035675060982
cmdpause,10.575027979342014
labore,10.575027979342014
postpg,11.26817515990196
opensles,11.26817515990196
movs,11.26817515990196
movq,11.26817515990196
assignable,8.32373618073552
spread,9.65873724746786
onstart,11.26817515990196
completedate,11.26817515990196
mout,11.26817515990196
showconnectiondialog,11.26817515990196
acessed,11.26817515990196
favor,11.26817515990196
trasnlation,10.575027979342014
guests,9.881880798782069
organizations,10.575027979342014
ciftlikoid,11.26817515990196
saica,11.26817515990196
ujuzicode,11.26817515990196
frequencies,10.575027979342014
sqliteasset,10.575027979342014
mova,11.26817515990196
frontend,11.26817515990196
setlat,11.26817515990196
trydisable,11.26817515990196
apperhand,11.26817515990196
threetenabp,10.16956287123385
virt,9.65873724746786
listview,5.365541826500594
switches,8.78326851011396
switcher,7.173830597679859
completing,10.575027979342014
icmp,10.575027979342014
extracted,7.97233829389763
bckgrnd,11.26817515990196
actividad,10.16956287123385
moxy,11.26817515990196
abfahrtsmonitor,10.575027979342014
vire,11.26817515990196
taban,11.26817515990196
augustus,11.26817515990196
projector,11.26817515990196
produktif,11.26817515990196
preferecne,10.575027979342014
fluid,10.575027979342014
imgthum,11.26817515990196
seconden,11.26817515990196
bauthor,10.575027979342014
kirk,11.26817515990196
boxs,11.26817515990196
personal,7.5305055416185915
boxn,11.26817515990196
globe,10.575027979342014
descriptionstring,11.26817515990196
ilango,11.26817515990196
etmessagebody,11.26817515990196
globa,11.26817515990196
basketlist,11.26817515990196
switched,8.870279887103589
enquiry,9.881880798782069
hanlde,11.26817515990196
bstorage,10.575027979342014
oldpwd,11.26817515990196
minlon,10.575027979342014
sssxxx,9.65873724746786
bachelors,11.26817515990196
abuse,11.26817515990196
icon,3.9017300115743607
secondview,10.575027979342014
hebrew,10.575027979342014
modulumun,11.26817515990196
mnager,11.26817515990196
vity,11.26817515990196
smoothly,11.26817515990196
jtomlinson,11.26817515990196
vita,11.26817515990196
cbids,11.26817515990196
segmentation,11.26817515990196
darticle,11.26817515990196
metabolic,11.26817515990196
mypassword,9.65873724746786
completion,6.168308732077762
visu,11.26817515990196
oval,7.356152154473814
fastest,8.434961815845744
decelerator,11.26817515990196
procedure,7.741814635285799
tabel,10.575027979342014
mozu,11.26817515990196
kits,10.16956287123385
tcmb,11.26817515990196
grayed,10.575027979342014
paramvalues,11.26817515990196
jaredsburrows,11.26817515990196
visa,10.16956287123385
mysubdir,11.26817515990196
kelime,11.26817515990196
fighter,10.575027979342014
kite,11.26817515990196
yourcustomviewxml,11.26817515990196
visi,11.26817515990196
mparser,11.26817515990196
vish,11.26817515990196
localtime,9.476415690673905
vivz,10.575027979342014
hijrah,10.575027979342014
spinnum,11.26817515990196
milisecounds,11.26817515990196
pinger,10.575027979342014
urname,11.26817515990196
fluet,10.575027979342014
denomination,11.26817515990196
dummies,11.26817515990196
intentfilter,11.26817515990196
kivy,8.78326851011396
shipping,8.6291178302867
vinfo,11.26817515990196
currentlong,11.26817515990196
vive,11.26817515990196
searchbar,10.16956287123385
batteryinfo,11.26817515990196
france,8.6291178302867
dmusic,11.26817515990196
samplelibrary,11.26817515990196
vivo,9.322265010846646
montage,11.26817515990196
sequencia,10.575027979342014
taskadd,10.575027979342014
viewmodel,9.322265010846646
typically,9.188733618222123
paraam,11.26817515990196
pickcontact,11.26817515990196
aaaaaaaaaaaaaaaaaaaaaaaaaaaaaaaaaaaaaaaa,11.26817515990196
rants,11.26817515990196
sighandler,11.26817515990196
internets,11.26817515990196
buttonabout,10.575027979342014
endoded,11.26817515990196
secondid,11.26817515990196
inoctets,11.26817515990196
mytools,11.26817515990196
rabindranath,11.26817515990196
stylenativetabs,11.26817515990196
perpendicular,11.26817515990196
settype,11.26817515990196
lonavala,11.26817515990196
rarepebble,11.26817515990196
atiar,11.26817515990196
parade,11.26817515990196
xffffebcd,11.26817515990196
jersey,9.881880798782069
personel,10.16956287123385
ballon,11.26817515990196
themartian,11.26817515990196
conversion,7.356152154473814
trtrt,11.26817515990196
attuale,11.26817515990196
subthread,11.26817515990196
codificar,10.16956287123385
oven,11.26817515990196
xcarchive,11.26817515990196
bound,7.078520417875534
applicatio,11.26817515990196
packaging,7.68465622144585
sportapp,11.26817515990196
pdialog,10.575027979342014
football,9.65873724746786
mytitile,11.26817515990196
congrats,10.16956287123385
quaternation,11.26817515990196
notouch,11.26817515990196
retained,8.965590066907914
utton,10.575027979342014
viwe,10.575027979342014
objectfrom,11.26817515990196
ibinder,11.26817515990196
setup,5.281723154617522
ovel,10.575027979342014
avoid,6.392977836700808
mcontent,11.26817515990196
recyclerveiw,11.26817515990196
ltegra,11.26817515990196
proposedheight,9.881880798782069
roundfragment,11.26817515990196
ofcourse,10.575027979342014
stagefright,10.575027979342014
xpat,11.26817515990196
dvir,11.26817515990196
healers,11.26817515990196
recognise,11.26817515990196
poofoo,11.26817515990196
mpbg,11.26817515990196
reduce,8.010078621880478
mariners,11.26817515990196
mpau,11.26817515990196
screensizes,10.575027979342014
delegator,11.26817515990196
taskdate,10.16956287123385
smoothed,11.26817515990196
tomorrow,8.703225802440423
ankush,11.26817515990196
params,3.1756298960106606
protcol,11.26817515990196
smoother,10.575027979342014
simplelog,10.575027979342014
garmin,11.26817515990196
intercept,5.940298991112379
uspans,10.575027979342014
dialertab,11.26817515990196
doctrine,11.26817515990196
mixpanel,11.26817515990196
amrood,11.26817515990196
gclient,11.26817515990196
weekend,9.65873724746786
fffdec,11.26817515990196
oldpos,11.26817515990196
ftotalpass,11.26817515990196
percents,11.26817515990196
sequences,10.575027979342014
invalidpassword,11.26817515990196
markmyplaces,11.26817515990196
sequencer,11.26817515990196
entropy,10.575027979342014
atleast,9.65873724746786
tabla,10.16956287123385
personid,11.26817515990196
pagare,11.26817515990196
sequenced,11.26817515990196
table,3.997862273822935
soybean,11.26817515990196
miliseconds,8.090121329554014
segnalazioni,11.26817515990196
tteikhua,11.26817515990196
implementing,8.6291178302867
asdfadfasdf,11.26817515990196
sergik,11.26817515990196
bpcy,11.26817515990196
sergio,11.26817515990196
extremes,11.26817515990196
linefeed,11.26817515990196
appsalready,11.26817515990196
salman,11.26817515990196
iterrate,11.26817515990196
optionnal,11.26817515990196
shuffle,7.242823469166811
endlesspinjump,11.26817515990196
readlines,10.575027979342014
improvements,10.575027979342014
dlerror,11.26817515990196
gundula,11.26817515990196
inputfile,9.188733618222123
vinod,11.26817515990196
deallocation,10.575027979342014
nocategory,11.26817515990196
constant,6.264228853956501
gantz,10.575027979342014
buttonstyle,11.26817515990196
eureka,11.26817515990196
pythagoras,11.26817515990196
keypad,8.870279887103589
suffix,7.048667454725853
densitys,11.26817515990196
ilanas,11.26817515990196
taber,11.26817515990196
teamworks,11.26817515990196
booleankeyword,11.26817515990196
stringified,11.26817515990196
mpfr,10.575027979342014
taskall,11.26817515990196
diacritical,9.881880798782069
myappicon,10.575027979342014
personne,11.26817515990196
lunademo,11.26817515990196
nameofedittext,11.26817515990196
stevezhong,10.575027979342014
mpeg,7.935970649726756
sahoo,11.26817515990196
tenth,9.881880798782069
facedetect,11.26817515990196
ckbox,11.26817515990196
tysmith,11.26817515990196
yourscrollview,10.575027979342014
inizio,11.26817515990196
subid,9.881880798782069
childrow,11.26817515990196
kjbj,11.26817515990196
profilpic,11.26817515990196
setmsg,10.575027979342014
solutionname,11.26817515990196
tabid,11.26817515990196
subir,11.26817515990196
vocalist,11.26817515990196
setlistener,11.26817515990196
pckage,11.26817515990196
yourapi,9.881880798782069
emulation,11.26817515990196
yourapk,11.26817515990196
mysound,10.16956287123385
toning,10.575027979342014
yourapp,7.77166759843548
apricot,10.16956287123385
babyalbum,11.26817515990196
minlat,10.575027979342014
nighttheme,11.26817515990196
mailto,7.316931441320532
exabytes,10.575027979342014
myoutfile,11.26817515990196
kjdv,11.26817515990196
greendaosample,11.26817515990196
reinstate,11.26817515990196
prefcount,11.26817515990196
putih,11.26817515990196
guild,10.575027979342014
geography,10.575027979342014
reviewand,11.26817515990196
prompts,8.495586437662178
taskid,11.26817515990196
alcohol,10.575027979342014
deregistering,11.26817515990196
uname,8.090121329554014
setff,11.26817515990196
listicon,10.16956287123385
currentdbfilename,11.26817515990196
invokes,11.26817515990196
actors,8.560124958799749
dummny,11.26817515990196
awwwards,11.26817515990196
irusr,11.26817515990196
firmare,11.26817515990196
byekan,11.26817515990196
videostype,11.26817515990196
invoked,7.483985525983699
bluetoot,11.26817515990196
mpin,11.26817515990196
embeds,11.26817515990196
redula,11.26817515990196
motor,9.65873724746786
dosage,11.26817515990196
penabled,11.26817515990196
pdata,11.26817515990196
lowtide,11.26817515990196
catname,11.26817515990196
chequedata,11.26817515990196
deptid,10.16956287123385
greenline,11.26817515990196
phoneimagegrid,11.26817515990196
ativa,11.26817515990196
yourlibrary,10.16956287123385
asdasdww,11.26817515990196
pointermove,11.26817515990196
speakerphone,8.495586437662178
managed,6.326532737292656
irure,10.575027979342014
fuori,11.26817515990196
kjew,11.26817515990196
manager,2.1845324409717346
whitesmoke,11.26817515990196
manages,9.65873724746786
sethi,11.26817515990196
reduit,11.26817515990196
adoptable,11.26817515990196
mediasession,11.26817515990196
detectable,10.575027979342014
alguno,11.26817515990196
synax,11.26817515990196
unconditional,11.26817515990196
artikel,11.26817515990196
setid,10.575027979342014
nonet,11.26817515990196
mdcolor,11.26817515990196
dontpreverify,9.322265010846646
nagawara,11.26817515990196
express,7.77166759843548
dennis,11.26817515990196
reuqest,10.575027979342014
instantly,9.188733618222123
drawback,11.26817515990196
xxxxxx,8.870279887103589
gdgddfgdfh,11.26817515990196
mailid,10.575027979342014
tizen,10.575027979342014
mpegts,11.26817515990196
vanniktech,11.26817515990196
rando,11.26817515990196
firehose,11.26817515990196
heure,10.575027979342014
coors,11.26817515990196
oracle,8.560124958799749
voicemail,9.881880798782069
pedant,11.26817515990196
montserrat,10.575027979342014
stderr,9.476415690673905
javaknowledge,11.26817515990196
twale,11.26817515990196
dialogname,11.26817515990196
firstid,11.26817515990196
medplann,11.26817515990196
dmcdn,10.575027979342014
glons,11.26817515990196
getthumb,11.26817515990196
idan,11.26817515990196
screeen,11.26817515990196
cantidad,11.26817515990196
communicator,8.965590066907914
pagasa,11.26817515990196
tvhome,11.26817515990196
lastinputinfo,11.26817515990196
icici,11.26817515990196
bilinear,9.881880798782069
mortar,9.881880798782069
confrag,11.26817515990196
idea,6.724880377631956
quadra,11.26817515990196
extractor,8.560124958799749
rsati,11.26817515990196
asdasd,11.26817515990196
btcontroller,11.26817515990196
droidshot,11.26817515990196
squizable,11.26817515990196
pltgot,11.26817515990196
flush,5.244727566940927
ccxxxxxxxxxx,10.16956287123385
xppg,11.26817515990196
searchbox,11.26817515990196
muadapter,11.26817515990196
mortal,10.575027979342014
keepintvl,11.26817515990196
figure,8.010078621880478
xpos,9.070950582565741
azuretbl,11.26817515990196
consumption,9.188733618222123
calories,9.070950582565741
vasilievpavel,11.26817515990196
firmata,11.26817515990196
nonconvert,11.26817515990196
mpos,11.26817515990196
petstore,11.26817515990196
firmate,11.26817515990196
reinstall,9.476415690673905
firmati,11.26817515990196
dvvx,11.26817515990196
asdasdsd,11.26817515990196
firmato,11.26817515990196
filebegrenzungs,11.26817515990196
streets,9.881880798782069
getsonglist,11.26817515990196
agcfx,11.26817515990196
setmy,10.575027979342014
diferent,9.881880798782069
inches,8.090121329554014
secondp,11.26817515990196
onresume,11.26817515990196
seconds,4.856356892192063
bumping,11.26817515990196
credential,7.109292076542288
children,4.881295840539315
teneo,11.26817515990196
secondo,11.26817515990196
review,7.802439257102233
interrupts,10.575027979342014
aligned,8.377803402005796
beansys,10.575027979342014
ajkbsashua,11.26817515990196
seconde,10.575027979342014
guide,7.77166759843548
setng,11.26817515990196
putra,11.26817515990196
parentheses,9.881880798782069
efficiency,9.476415690673905
vinay,11.26817515990196
atime,11.26817515990196
kinst,11.26817515990196
playquickly,11.26817515990196
urlconnect,11.26817515990196
tdee,10.575027979342014
salasuresh,11.26817515990196
hashcode,9.881880798782069
botron,11.26817515990196
tdes,11.26817515990196
mailer,10.575027979342014
linalg,11.26817515990196
beggar,10.16956287123385
mmands,11.26817515990196
ezcam,11.26817515990196
concatenation,10.16956287123385
confusetext,11.26817515990196
iden,10.575027979342014
pathes,11.26817515990196
pather,11.26817515990196
motto,11.26817515990196
sensitivity,9.65873724746786
guice,9.188733618222123
racing,11.26817515990196
seton,9.65873724746786
idid,11.26817515990196
range,5.662373093605963
nonnull,9.322265010846646
coord,7.554603093197652
mylocationlistener,10.575027979342014
somehting,11.26817515990196
screens,8.049299335033758
selecteditem,9.476415690673905
concatenating,11.26817515990196
artikli,10.575027979342014
axcall,11.26817515990196
tchar,11.26817515990196
screenx,11.26817515990196
screeny,11.26817515990196
onresult,11.26817515990196
hdmiintent,11.26817515990196
ddanny,11.26817515990196
elementi,10.575027979342014
texviewid,11.26817515990196
vinci,11.26817515990196
elemento,11.26817515990196
dialogyes,11.26817515990196
elements,5.18824196480637
garrido,10.575027979342014
greenwich,11.26817515990196
elementx,11.26817515990196
qparams,11.26817515990196
cpuacct,11.26817515990196
onwardflights,11.26817515990196
pidfilter,11.26817515990196
drawbale,11.26817515990196
framelayout,8.560124958799749
setis,11.26817515990196
mainfolderexist,11.26817515990196
anhsirk,11.26817515990196
tasker,10.16956287123385
wining,11.26817515990196
setip,9.881880798782069
mehran,11.26817515990196
phnom,10.575027979342014
cfurl,11.26817515990196
growing,10.16956287123385
breakpoints,10.16956287123385
hellllloooo,11.26817515990196
getscreenshot,11.26817515990196
matlab,11.26817515990196
synch,10.575027979342014
checkingsounds,11.26817515990196
somepackage,10.575027979342014
patients,9.881880798782069
customtabs,9.65873724746786
myutsampleapp,11.26817515990196
wraps,10.16956287123385
typedef,9.322265010846646
filenew,11.26817515990196
someusername,10.575027979342014
qttools,10.575027979342014
idin,11.26817515990196
untrusted,9.476415690673905
syncs,10.575027979342014
viewversion,11.26817515990196
reborn,11.26817515990196
clickingevent,11.26817515990196
hladno,11.26817515990196
accessiblity,11.26817515990196
setmax,11.26817515990196
categoy,11.26817515990196
alloted,11.26817515990196
distinct,7.46151267013164
failflag,11.26817515990196
setkq,11.26817515990196
goldfish,9.188733618222123
libreference,11.26817515990196
projected,11.26817515990196
noexec,11.26817515990196
userccvnumber,11.26817515990196
eligible,11.26817515990196
paciente,11.26817515990196
bbook,11.26817515990196
carmodel,11.26817515990196
httpheader,9.65873724746786
zmail,11.26817515990196
ipinfo,11.26817515990196
mailcc,11.26817515990196
goterror,11.26817515990196
reboot,7.5305055416185915
notificationtest,11.26817515990196
yourserver,9.322265010846646
hackro,11.26817515990196
yourartifactid,11.26817515990196
asymmetricgridview,11.26817515990196
idle,6.180578824669576
fault,9.188733618222123
secondz,11.26817515990196
phnno,11.26817515990196
counlist,11.26817515990196
technically,10.575027979342014
redelivery,11.26817515990196
secondv,11.26817515990196
jsexport,11.26817515990196
gamification,11.26817515990196
sonatype,8.965590066907914
ranim,11.26817515990196
kinyu,11.26817515990196
urnal,11.26817515990196
stsres,11.26817515990196
akord,11.26817515990196
amediaplayer,11.26817515990196
nlistcontainer,11.26817515990196
accuary,11.26817515990196
idof,10.575027979342014
recyclerviewfun,11.26817515990196
venirne,11.26817515990196
upadate,11.26817515990196
tokenization,11.26817515990196
wikia,10.575027979342014
interwork,11.26817515990196
idnt,11.26817515990196
acsajw,10.575027979342014
kiran,10.575027979342014
insted,10.575027979342014
totaal,11.26817515990196
sserver,10.575027979342014
librarya,11.26817515990196
idoc,11.26817515990196
numberone,11.26817515990196
poena,10.16956287123385
switzerland,10.575027979342014
squares,9.881880798782069
orderby,9.65873724746786
coincide,11.26817515990196
require,6.270962886137845
ndktest,11.26817515990196
visibles,10.575027979342014
idno,11.26817515990196
libvirtd,11.26817515990196
penguins,11.26817515990196
contatcs,10.575027979342014
professors,11.26817515990196
squared,8.965590066907914
zarkov,11.26817515990196
magnifier,11.26817515990196
immagex,10.16956287123385
newspaper,10.575027979342014
telling,11.26817515990196
authenticate,7.554603093197652
clamped,10.16956287123385
jgrep,11.26817515990196
orietntation,11.26817515990196
fisrst,11.26817515990196
granshataxicompany,11.26817515990196
putrecord,11.26817515990196
checkbox,6.047819334823635
connect,4.797375656119358
rational,11.26817515990196
ordered,7.579295705788024
somedrive,11.26817515990196
menuupload,11.26817515990196
dircode,9.070950582565741
observavle,11.26817515990196
cdrom,11.26817515990196
bmpfoto,11.26817515990196
bubbling,11.26817515990196
orderer,11.26817515990196
gservices,9.476415690673905
obvious,9.881880798782069
ondestroy,11.26817515990196
plasma,11.26817515990196
boxcmpltpass,10.575027979342014
november,8.870279887103589
franquiciap,11.26817515990196
facebbook,11.26817515990196
loging,10.16956287123385
androidintentlauncher,11.26817515990196
logine,11.26817515990196
obese,11.26817515990196
fillxfill,11.26817515990196
testapplication,11.26817515990196
xscale,10.575027979342014
predicted,10.575027979342014
spherize,11.26817515990196
wlcommoninit,11.26817515990196
fantasy,10.575027979342014
owen,11.26817515990196
elemenet,11.26817515990196
mmrbd,11.26817515990196
unchecked,7.034068655304701
messageobj,11.26817515990196
pokemons,11.26817515990196
openlink,11.26817515990196
populare,11.26817515990196
primefaces,11.26817515990196
buffinput,11.26817515990196
tryparse,11.26817515990196
dummyname,10.575027979342014
tarnea,11.26817515990196
logobtn,11.26817515990196
layoutzero,11.26817515990196
logins,10.16956287123385
inmate,11.26817515990196
groupinformation,11.26817515990196
speedcount,11.26817515990196
hadith,10.575027979342014
corky,9.881880798782069
melnykov,10.16956287123385
dqebbquame,11.26817515990196
transitioner,11.26817515990196
projection,5.4362926826184435
loclongitude,11.26817515990196
poeni,11.26817515990196
headers,5.711347098202422
orderid,8.703225802440423
notiamo,11.26817515990196
videolist,9.65873724746786
tweet,7.554603093197652
dolby,10.575027979342014
kirim,11.26817515990196
uploads,7.483985525983699
korisni,11.26817515990196
tween,9.65873724746786
populate,6.1265116033993
permit,7.68465622144585
struct,7.68465622144585
imagebase,11.26817515990196
fuselage,11.26817515990196
catalog,8.434961815845744
atlas,8.870279887103589
lkjdfljadslfjaddfdsfafjdfad,11.26817515990196
testingit,11.26817515990196
returnflights,11.26817515990196
imagetrans,10.575027979342014
getoffsetlength,11.26817515990196
incrementmyglobal,11.26817515990196
collapsible,9.188733618222123
customlistobject,11.26817515990196
cores,9.476415690673905
jsuereth,11.26817515990196
quran,11.26817515990196
tinstr,10.575027979342014
struck,10.575027979342014
poets,11.26817515990196
braking,11.26817515990196
corey,10.16956287123385
localfilesystem,11.26817515990196
morphology,11.26817515990196
pressed,4.507760468818532
onclicklistner,11.26817515990196
joystick,9.881880798782069
mtext,10.16956287123385
withthe,11.26817515990196
indonesia,11.26817515990196
sydney,8.32373618073552
fallow,11.26817515990196
presses,8.010078621880478
schiavon,11.26817515990196
menber,11.26817515990196
compressor,9.070950582565741
getlong,11.26817515990196
iterates,10.16956287123385
bitmapfrom,11.26817515990196
mandatory,8.78326851011396
trusty,11.26817515990196
hypertext,10.575027979342014
scrap,10.16956287123385
iterated,10.575027979342014
backmain,11.26817515990196
blablablabla,10.575027979342014
myobject,9.65873724746786
usarios,11.26817515990196
scooby,11.26817515990196
broadast,11.26817515990196
siccome,11.26817515990196
ascending,7.657257247257736
popupnew,11.26817515990196
trusts,10.575027979342014
disable,5.390439378122321
holderholder,11.26817515990196
ctgname,11.26817515990196
mycustomdialog,11.26817515990196
llamada,11.26817515990196
pflag,11.26817515990196
sfilename,11.26817515990196
forloc,11.26817515990196
myfonts,11.26817515990196
alertadd,11.26817515990196
disabed,11.26817515990196
clockings,11.26817515990196
coral,10.575027979342014
splited,8.870279887103589
instad,11.26817515990196
owns,10.16956287123385
listshowbutton,11.26817515990196
sentinels,11.26817515990196
alarmreceiver,11.26817515990196
including,7.3763548617913335
testactivity,9.881880798782069
statenode,11.26817515990196
contatos,9.881880798782069
twelf,11.26817515990196
dicono,11.26817515990196
welcom,10.575027979342014
hiiiii,11.26817515990196
cachekey,11.26817515990196
customtitlebar,11.26817515990196
violation,10.575027979342014
qweqweqweqwe,11.26817515990196
mimetypes,10.16956287123385
dignore,11.26817515990196
respons,9.65873724746786
tabhost,7.46151267013164
srcpoint,11.26817515990196
aluser,10.575027979342014
splashloading,11.26817515990196
jelly,6.326532737292656
listsize,10.16956287123385
kapler,11.26817515990196
osmand,11.26817515990196
complatelistviewdemoexample,10.575027979342014
introductionportrait,11.26817515990196
filebegrenzung,11.26817515990196
secondactiviy,11.26817515990196
vkca,11.26817515990196
libavresample,11.26817515990196
nullability,11.26817515990196
identitylayout,11.26817515990196
pointlinear,11.26817515990196
totals,10.575027979342014
stringmessage,11.26817515990196
totalx,11.26817515990196
totaly,11.26817515990196
nameservers,11.26817515990196
highscore,8.703225802440423
stable,7.260841974669489
activities,5.3519730972945245
digitalidetity,11.26817515990196
respond,7.336349527177634
incident,9.188733618222123
cardstate,10.575027979342014
respone,9.476415690673905
elemen,11.26817515990196
contxet,11.26817515990196
elemet,11.26817515990196
ergebnisse,10.575027979342014
activityfor,10.575027979342014
concert,10.16956287123385
flcontent,10.575027979342014
concern,11.26817515990196
mxtech,10.575027979342014
graidnet,11.26817515990196
specialties,11.26817515990196
compras,10.575027979342014
tvfirst,11.26817515990196
deerwalk,11.26817515990196
subtitletv,10.575027979342014
articulo,11.26817515990196
yourclickable,11.26817515990196
afisha,11.26817515990196
astronautics,11.26817515990196
appointments,9.070950582565741
activmanager,11.26817515990196
maxlength,9.881880798782069
beufqd,11.26817515990196
xafter,11.26817515990196
probable,10.575027979342014
mbuilder,11.26817515990196
customcomponents,11.26817515990196
matnani,11.26817515990196
clovis,11.26817515990196
mainicon,11.26817515990196
stereotype,9.881880798782069
reinitialized,11.26817515990196
logics,10.575027979342014
secretkey,10.575027979342014
batters,11.26817515990196
petter,11.26817515990196
renamesourcefileattribute,9.881880798782069
addalbumsdialog,10.575027979342014
concurrent,7.554603093197652
battery,6.595346325440054
aaaiabjref,11.26817515990196
moment,8.13268094397281
sifstroja,11.26817515990196
fuentes,10.575027979342014
qprwog,11.26817515990196
mrecords,11.26817515990196
tear,9.476415690673905
attack,10.16956287123385
bodytype,11.26817515990196
cutout,10.16956287123385
attach,5.451063999938755
campos,11.26817515990196
loction,9.881880798782069
yearstr,11.26817515990196
occurred,7.297883246349838
teac,11.26817515990196
replaces,8.965590066907914
newtime,10.575027979342014
applog,11.26817515990196
replaced,7.77166759843548
avsdm,11.26817515990196
teal,11.26817515990196
services,5.11757239145568
team,7.3763548617913335
keyboardlayout,11.26817515990196
btful,11.26817515990196
geodesic,8.560124958799749
lockout,11.26817515990196
stereoscopic,11.26817515990196
reflective,9.65873724746786
strftime,8.223652722178537
sizelists,11.26817515990196
bartlomiej,11.26817515990196
cabinet,11.26817515990196
versionname,11.26817515990196
tyighw,11.26817515990196
privileges,10.575027979342014
registering,8.32373618073552
tedious,11.26817515990196
reflecting,10.575027979342014
exectue,11.26817515990196
ieee,9.881880798782069
mobevo,11.26817515990196
latlondemo,11.26817515990196
gabarito,11.26817515990196
eddystone,10.16956287123385
previewing,11.26817515990196
tech,8.090121329554014
damluar,11.26817515990196
reflection,7.418027558191901
suites,9.65873724746786
logfile,9.476415690673905
campus,10.16956287123385
setonclicklistener,11.26817515990196
filterlistdemo,11.26817515990196
newstring,10.575027979342014
viewadapter,10.575027979342014
obect,9.65873724746786
suiten,11.26817515990196
undos,11.26817515990196
privileged,8.6291178302867
nocookie,11.26817515990196
hallo,9.188733618222123
suited,10.575027979342014
shapedrawable,11.26817515990196
systolic,10.575027979342014
thumbl,11.26817515990196
masthead,11.26817515990196
someproject,11.26817515990196
iterables,11.26817515990196
thumbr,11.26817515990196
thumbs,9.070950582565741
datials,11.26817515990196
isdelivered,11.26817515990196
scientist,11.26817515990196
concept,10.16956287123385
mysoundfile,11.26817515990196
datafetched,11.26817515990196
nextpageintent,11.26817515990196
snipeet,11.26817515990196
androidtrainningcenter,10.575027979342014
configurare,11.26817515990196
kanchan,11.26817515990196
bellow,9.070950582565741
mobeta,11.26817515990196
onitem,11.26817515990196
boyer,11.26817515990196
cronista,11.26817515990196
servicio,10.575027979342014
objarray,11.26817515990196
messgare,11.26817515990196
fallen,11.26817515990196
maincat,11.26817515990196
recipient,7.5305055416185915
faller,10.16956287123385
gulim,11.26817515990196
someservlet,10.575027979342014
jschses,11.26817515990196
textvalue,10.16956287123385
garph,11.26817515990196
someprivatevariable,11.26817515990196
iterface,11.26817515990196
bvalues,11.26817515990196
kmfactory,11.26817515990196
halim,11.26817515990196
fillcombodivisionname,11.26817515990196
friendid,11.26817515990196
dformat,11.26817515990196
mecard,11.26817515990196
otobus,11.26817515990196
mqtt,9.881880798782069
golden,10.575027979342014
attain,11.26817515990196
currentstop,11.26817515990196
mubutton,11.26817515990196
showvminfo,11.26817515990196
interstitial,7.5305055416185915
beepsound,11.26817515990196
kukatpally,11.26817515990196
inlen,11.26817515990196
nkeio,11.26817515990196
lnglatitude,11.26817515990196
getphotodata,11.26817515990196
analog,9.881880798782069
anyrtl,11.26817515990196
totalamount,10.575027979342014
bethecoder,11.26817515990196
corum,11.26817515990196
randomname,11.26817515990196
artifactory,9.881880798782069
tecgnolegy,11.26817515990196
submitting,11.26817515990196
halfs,9.65873724746786
listofitem,11.26817515990196
unknown,6.103389185978446
dolor,8.6291178302867
mycustom,11.26817515990196
strtol,11.26817515990196
txtthree,11.26817515990196
examplebucket,11.26817515990196
actionbaractivity,11.26817515990196
incubating,10.16956287123385
invoicerealm,11.26817515990196
yourtask,11.26817515990196
searchtext,11.26817515990196
swfobject,11.26817515990196
hulimavu,11.26817515990196
kkph,11.26817515990196
subtask,11.26817515990196
imageback,11.26817515990196
satiri,10.575027979342014
pipeline,8.6291178302867
islast,11.26817515990196
ravens,11.26817515990196
tweak,9.322265010846646
incubation,11.26817515990196
webhostapp,10.575027979342014
accesries,11.26817515990196
xmppjid,11.26817515990196
blocapp,11.26817515990196
projectile,10.575027979342014
konzerte,11.26817515990196
needfull,11.26817515990196
telm,11.26817515990196
friendly,10.16956287123385
fffaf,10.16956287123385
appserver,11.26817515990196
raygional,11.26817515990196
xfffffff,11.26817515990196
instrg,11.26817515990196
absdiff,11.26817515990196
tels,10.575027979342014
novise,11.26817515990196
tela,10.575027979342014
caveman,11.26817515990196
comprer,11.26817515990196
savedvalue,11.26817515990196
sakout,11.26817515990196
forcibly,11.26817515990196
quickbutton,11.26817515990196
muliselect,11.26817515990196
domino,11.26817515990196
opcions,11.26817515990196
tele,9.070950582565741
migrated,11.26817515990196
atotal,11.26817515990196
getallimages,11.26817515990196
flattened,11.26817515990196
ehrpd,11.26817515990196
preferance,10.16956287123385
created,4.2678406996267295
island,9.65873724746786
format,3.4110812949994673
clover,11.26817515990196
createa,9.881880798782069
slashes,10.575027979342014
teks,11.26817515990196
formal,11.26817515990196
timesroman,11.26817515990196
setname,10.575027979342014
dqrnn,11.26817515990196
downloadcomplete,11.26817515990196
creater,11.26817515990196
creates,6.96411006669779
salesman,11.26817515990196
minusbutton,11.26817515990196
apples,10.16956287123385
applet,9.65873724746786
tens,11.26817515990196
tent,11.26817515990196
wordprocessingml,11.26817515990196
ieoh,11.26817515990196
boards,10.575027979342014
logistics,11.26817515990196
swrast,11.26817515990196
tend,11.26817515990196
txtmsg,11.26817515990196
wireframe,11.26817515990196
atypically,11.26817515990196
chiedendo,11.26817515990196
mikael,11.26817515990196
tems,11.26817515990196
feedrec,11.26817515990196
temp,5.035727143351437
ljavax,10.575027979342014
lastchar,11.26817515990196
velocity,6.924369738048276
diamond,10.575027979342014
iems,11.26817515990196
davincidaemon,11.26817515990196
welcomedialog,11.26817515990196
customised,10.575027979342014
dayofweek,10.575027979342014
